Entity,Code,Day,sea_level_rise_average,sea_level_rise_cw2011,sea_level_rise_uhslcfd
World,OWID_WRL,1899-10-15,-140.08073,-140.0807292,
World,OWID_WRL,1899-07-15,-151.68073,-151.6807292,
World,OWID_WRL,1899-04-15,-149.88073,-149.8807292,
World,OWID_WRL,1899-01-15,-150.58073,-150.5807292,
World,OWID_WRL,1898-10-15,-155.61406,-155.6140625,
World,OWID_WRL,1898-07-15,-157.11406,-157.1140625,
World,OWID_WRL,1898-04-15,-147.9474,-147.9473958,
World,OWID_WRL,1898-01-15,-169.2474,-169.2473958,
World,OWID_WRL,1897-10-15,-168.9474,-168.9473958,
World,OWID_WRL,1897-07-15,-152.1474,-152.1473958,
World,OWID_WRL,1897-04-15,-162.48073,-162.4807292,
World,OWID_WRL,1897-01-15,-173.38073,-173.3807292,
World,OWID_WRL,1896-10-15,-169.8474,-169.8473958,
World,OWID_WRL,1896-07-15,-160.31406,-160.3140625,
World,OWID_WRL,1896-04-15,-172.88073,-172.8807292,
World,OWID_WRL,1896-01-15,-171.4474,-171.4473958,
World,OWID_WRL,1895-10-15,-158.7474,-158.7473958,
World,OWID_WRL,1895-07-15,-163.1474,-163.1473958,
World,OWID_WRL,1895-04-15,-166.0474,-166.0473958,
World,OWID_WRL,1895-01-15,-161.11406,-161.1140625,
World,OWID_WRL,1894-10-15,-177.01406,-177.0140625,
World,OWID_WRL,1894-07-15,-176.88073,-176.8807292,
World,OWID_WRL,1894-04-15,-173.21406,-173.2140625,
World,OWID_WRL,1894-01-15,-170.08073,-170.0807292,
World,OWID_WRL,1893-10-15,-164.48073,-164.4807292,
World,OWID_WRL,1893-07-15,-162.98073,-162.9807292,
World,OWID_WRL,1893-04-15,-160.8474,-160.8473958,
World,OWID_WRL,1893-01-15,-170.81406,-170.8140625,
World,OWID_WRL,1892-10-15,-176.08073,-176.0807292,
World,OWID_WRL,1892-07-15,-167.58073,-167.5807292,
World,OWID_WRL,1892-04-15,-163.41406,-163.4140625,
World,OWID_WRL,1892-01-15,-167.5474,-167.5473958,
World,OWID_WRL,1891-10-15,-168.21406,-168.2140625,
World,OWID_WRL,1891-07-15,-167.71406,-167.7140625,
World,OWID_WRL,1891-04-15,-171.01406,-171.0140625,
World,OWID_WRL,1891-01-15,-186.48073,-186.4807292,
World,OWID_WRL,1890-10-15,-175.28073,-175.2807292,
World,OWID_WRL,1890-07-15,-166.98073,-166.9807292,
World,OWID_WRL,1890-04-15,-160.71406,-160.7140625,
World,OWID_WRL,1890-01-15,-176.5474,-176.5473958,
World,OWID_WRL,1889-10-15,-177.1474,-177.1473958,
World,OWID_WRL,1889-07-15,-169.71406,-169.7140625,
World,OWID_WRL,1889-04-15,-167.98073,-167.9807292,
World,OWID_WRL,1889-01-15,-171.08073,-171.0807292,
World,OWID_WRL,1888-10-15,-170.41406,-170.4140625,
World,OWID_WRL,1888-07-15,-172.61406,-172.6140625,
World,OWID_WRL,1888-04-15,-177.71406,-177.7140625,
World,OWID_WRL,1888-01-15,-175.88073,-175.8807292,
World,OWID_WRL,1887-10-15,-171.88073,-171.8807292,
World,OWID_WRL,1887-07-15,-170.21406,-170.2140625,
World,OWID_WRL,1887-04-15,-180.78073,-180.7807292,
World,OWID_WRL,1887-01-15,-184.18073,-184.1807292,
World,OWID_WRL,1886-10-15,-178.98073,-178.9807292,
World,OWID_WRL,1886-07-15,-164.21406,-164.2140625,
World,OWID_WRL,1886-04-15,-164.08073,-164.0807292,
World,OWID_WRL,1886-01-15,-171.11406,-171.1140625,
World,OWID_WRL,1885-10-15,-166.58073,-166.5807292,
World,OWID_WRL,1885-07-15,-167.68073,-167.6807292,
World,OWID_WRL,1885-04-15,-166.61406,-166.6140625,
World,OWID_WRL,1885-01-15,-173.3474,-173.3473958,
World,OWID_WRL,1884-10-15,-174.51406,-174.5140625,
World,OWID_WRL,1884-07-15,-166.28073,-166.2807292,
World,OWID_WRL,1884-04-15,-158.98073,-158.9807292,
World,OWID_WRL,1884-01-15,-166.61406,-166.6140625,
World,OWID_WRL,1883-10-15,-179.81406,-179.8140625,
World,OWID_WRL,1883-07-15,-185.1474,-185.1473958,
World,OWID_WRL,1883-04-15,-192.48073,-192.4807292,
World,OWID_WRL,1883-01-15,-204.38073,-204.3807292,
World,OWID_WRL,1882-10-15,-202.5474,-202.5473958,
World,OWID_WRL,1882-07-15,-190.08073,-190.0807292,
World,OWID_WRL,1882-04-15,-184.21406,-184.2140625,
World,OWID_WRL,1882-01-15,-189.48073,-189.4807292,
World,OWID_WRL,1881-10-15,-186.0474,-186.0473958,
World,OWID_WRL,1881-07-15,-174.01406,-174.0140625,
World,OWID_WRL,1881-04-15,-172.41406,-172.4140625,
World,OWID_WRL,1881-01-15,-159.68073,-159.6807292,
World,OWID_WRL,1880-10-15,-174.1474,-174.1473958,
World,OWID_WRL,1880-07-15,-183.2474,-183.2473958,
World,OWID_WRL,1880-04-15,-183.31406,-183.3140625,
World,OWID_WRL,10/15/2020,61.74304,,61.74303963
World,OWID_WRL,7/15/2020,66.70433,,66.70432506
World,OWID_WRL,4/15/2020,66.73996,,66.73996192
World,OWID_WRL,1/15/2020,68.81163,,68.81162977
World,OWID_WRL,10/15/2019,67.24985,,67.2498485
World,OWID_WRL,7/15/2019,61.39371,,61.39371322
World,OWID_WRL,4/15/2019,58.67191,,58.67190583
World,OWID_WRL,1/15/2019,56.60749,,56.6074862
World,OWID_WRL,10/15/2018,53.30166,,53.30166183
World,OWID_WRL,7/15/2018,53.08512,,53.08512198
World,OWID_WRL,4/15/2018,52.57545,,52.57545138
World,OWID_WRL,1/15/2018,49.37086,,49.37085909
World,OWID_WRL,10/15/2017,52.51952,,52.51951993
World,OWID_WRL,7/15/2017,57.35599,,57.35599133
World,OWID_WRL,4/15/2017,55.61237,,55.6123727
World,OWID_WRL,1/15/2017,54.96168,,54.96168128
World,OWID_WRL,10/15/2016,55.541,,55.54100329
World,OWID_WRL,7/15/2016,54.34696,,54.34696367
World,OWID_WRL,4/15/2016,56.71159,,56.71159225
World,OWID_WRL,1/15/2016,58.72329,,58.72328655
World,OWID_WRL,10/15/2015,54.90935,,54.90935276
World,OWID_WRL,7/15/2015,50.46171,,50.46170567
World,OWID_WRL,4/15/2015,50.08209,,50.08209017
World,OWID_WRL,1/15/2015,53.26458,,53.2645778
World,OWID_WRL,10/15/2014,55.67588,,55.67588286
World,OWID_WRL,7/15/2014,53.85737,,53.85737212
World,OWID_WRL,4/15/2014,48.81691,,48.81691195
World,OWID_WRL,1/15/2014,41.26864,,41.26864169
World,OWID_WRL,10/15/2013,37.38712,,37.3871177
World,OWID_WRL,7/15/2013,41.33799,,41.33798668
World,OWID_WRL,4/15/2013,44.57792,,44.57791577
World,OWID_WRL,1/15/2013,44.80457,,44.80457051
World,OWID_WRL,10/15/2012,46.27147,,46.27147442
World,OWID_WRL,7/15/2012,47.1739,,47.17390325
World,OWID_WRL,4/15/2012,41.72089,,41.72088544
World,OWID_WRL,1/15/2012,34.20025,,34.20024888
World,OWID_WRL,10/15/2011,34.68251,,34.68250576
World,OWID_WRL,7/15/2011,36.71847,,36.71847075
World,OWID_WRL,4/15/2011,35.97776,,35.97776181
World,OWID_WRL,1/15/2011,37.34795,,37.34794901
World,OWID_WRL,10/15/2010,37.25103,,37.25102558
World,OWID_WRL,7/15/2010,33.87824,,33.87824005
World,OWID_WRL,4/15/2010,34.88547,,34.88547268
World,OWID_WRL,1/15/2010,38.77694,,38.77693523
World,OWID_WRL,10/15/2009,36.90731,38.0859375,35.72867628
World,OWID_WRL,7/15/2009,31.03554,33.65260417,28.418468
World,OWID_WRL,4/15/2009,23.53385,24.65260417,22.4150906
World,OWID_WRL,1/15/2009,18.8664,19.31927083,18.41353077
World,OWID_WRL,10/15/2008,22.07113,23.81927083,20.322983
World,OWID_WRL,7/15/2008,27.62711,30.45260417,24.80161176
World,OWID_WRL,4/15/2008,23.63056,25.35260417,21.90851915
World,OWID_WRL,1/15/2008,16.56862,17.55260417,15.58462623
World,OWID_WRL,10/15/2007,16.01026,17.51927083,14.50124987
World,OWID_WRL,7/15/2007,18.53728,22.7859375,14.2886166
World,OWID_WRL,4/15/2007,10.04572,10.3859375,9.70550625
World,OWID_WRL,1/15/2007,6.52432,4.3859375,8.66270068
World,OWID_WRL,10/15/2006,13.23097,13.65260417,12.80933042
World,OWID_WRL,7/15/2006,12.41419,9.519270833,15.30910579
World,OWID_WRL,4/15/2006,14.76707,14.11927083,15.41486092
World,OWID_WRL,1/15/2006,9.36491,6.652604167,12.07722324
World,OWID_WRL,10/15/2005,7.78977,6.352604167,9.226936095
World,OWID_WRL,7/15/2005,10.4647,12.11927083,8.810124129
World,OWID_WRL,4/15/2005,9.13256,10.05260417,8.212508202
World,OWID_WRL,1/15/2005,9.02399,10.61927083,7.428710794
World,OWID_WRL,10/15/2004,8.70617,9.9859375,7.426393354
World,OWID_WRL,7/15/2004,10.59808,13.65260417,7.543565438
World,OWID_WRL,4/15/2004,7.7018,9.152604167,6.250996375
World,OWID_WRL,1/15/2004,7.56092,8.252604167,6.869239997
World,OWID_WRL,10/15/2003,11.86577,15.71927083,8.012265803
World,OWID_WRL,7/15/2003,10.77244,14.61927083,6.925613295
World,OWID_WRL,4/15/2003,5.28813,5.919270833,4.656994466
World,OWID_WRL,1/15/2003,3.24694,4.3859375,2.107942879
World,OWID_WRL,10/15/2002,3.36992,5.219270833,1.520559341
World,OWID_WRL,7/15/2002,1.08633,2.152604167,0.020047084
World,OWID_WRL,4/15/2002,-1.56778,-1.047395833,-2.088163757
World,OWID_WRL,1/15/2002,-1.05837,-2.780729167,0.663981094
World,OWID_WRL,10/15/2001,3.39856,3.319270833,3.477857781
World,OWID_WRL,7/15/2001,4.0327,4.719270833,3.346121297
World,OWID_WRL,4/15/2001,3.42258,2.752604167,4.092562893
World,OWID_WRL,1/15/2001,0.73735,-0.8140625,2.288764482
World,OWID_WRL,10/15/2000,-3.5678,-4.6140625,-2.521531098
World,OWID_WRL,7/15/2000,0.32859,2.952604167,-2.295423072
World,OWID_WRL,4/15/2000,0.16507,0.7859375,-0.455801584
World,OWID_WRL,1/15/2000,-5.17582,-8.347395833,-2.00424797
World,OWID_WRL,10/15/1999,-2.45536,-3.080729167,-1.829999251
World,OWID_WRL,7/15/1999,-0.60471,-0.247395833,-0.962018013
World,OWID_WRL,4/15/1999,-0.90868,-0.647395833,-1.169963654
World,OWID_WRL,1/15/1999,-5.99732,-8.480729167,-3.51390462
World,OWID_WRL,10/15/1998,-8.18047,-9.1140625,-7.24687525
World,OWID_WRL,7/15/1998,-10.49035,-10.8140625,-10.16664232
World,OWID_WRL,4/15/1998,-10.06429,-11.64739583,-8.481188102
World,OWID_WRL,1/15/1998,-2.18943,-1.847395833,-2.531473513
World,OWID_WRL,10/15/1997,-2.01091,-2.1140625,-1.907755576
World,OWID_WRL,7/15/1997,-2.55864,-2.647395833,-2.469881973
World,OWID_WRL,4/15/1997,-1.21115,0.119270833,-2.541574166
World,OWID_WRL,1/15/1997,-6.43646,-6.480729167,-6.392200361
World,OWID_WRL,10/15/1996,-7.3501,-5.147395833,-9.552796407
World,OWID_WRL,7/15/1996,-11.45393,-11.94739583,-10.96045959
World,OWID_WRL,4/15/1996,-12.19906,-15.18072917,-9.217386527
World,OWID_WRL,1/15/1996,-7.05866,-7.247395833,-6.869924627
World,OWID_WRL,10/15/1995,-10.50725,-11.54739583,-9.467108624
World,OWID_WRL,7/15/1995,-13.28908,-15.58072917,-10.99742126
World,OWID_WRL,4/15/1995,-12.13451,-15.28072917,-8.988283445
World,OWID_WRL,1/15/1995,-13.53047,-16.34739583,-10.71353651
World,OWID_WRL,10/15/1994,-16.77565,-18.24739583,-15.30390294
World,OWID_WRL,7/15/1994,-17.08159,-17.98072917,-16.18246063
World,OWID_WRL,4/15/1994,-17.63631,-20.08072917,-15.19189433
World,OWID_WRL,1/15/1994,-21.28105,-22.34739583,-20.21470482
World,OWID_WRL,10/15/1993,-27.44191,-28.7140625,-26.1697558
World,OWID_WRL,7/15/1993,-22.54011,-22.78072917,-22.29949291
World,OWID_WRL,4/15/1993,-16.58892,-16.3140625,-16.8637797
World,OWID_WRL,1/15/1993,-18.13835,-19.58072917,-16.69596631
World,OWID_WRL,10/15/1992,-16.6333,-17.8140625,-15.4525379
World,OWID_WRL,7/15/1992,-16.47831,-20.24739583,-12.70923305
World,OWID_WRL,4/15/1992,-13.23923,-17.4140625,-9.064392998
World,OWID_WRL,1/15/1992,-11.17667,-16.38072917,-5.97261987
World,OWID_WRL,10/15/1991,-12.68882,-18.94739583,-6.43025132
World,OWID_WRL,7/15/1991,-15.89548,-22.8140625,-8.976906274
World,OWID_WRL,4/15/1991,-17.5856,-21.8140625,-13.35714507
World,OWID_WRL,1/15/1991,-18.15554,-20.34739583,-15.96368124
World,OWID_WRL,10/15/1990,-16.3655,-19.48072917,-13.2502719
World,OWID_WRL,7/15/1990,-18.38446,-22.84739583,-13.92152244
World,OWID_WRL,4/15/1990,-24.06558,-28.3140625,-19.81709396
World,OWID_WRL,1/15/1990,-23.40021,-25.24739583,-21.5530319
World,OWID_WRL,10/15/1989,-21.8144,-22.24739583,-21.38139724
World,OWID_WRL,7/15/1989,-23.32165,-25.14739583,-21.49591391
World,OWID_WRL,4/15/1989,-24.26904,-24.6140625,-23.92402054
World,OWID_WRL,1/15/1989,-29.96407,-31.84739583,-28.08075032
World,OWID_WRL,10/15/1988,-26.68788,-26.5140625,-26.86170176
World,OWID_WRL,7/15/1988,-26.95959,-28.84739583,-25.0717923
World,OWID_WRL,4/15/1988,-27.38584,-31.64739583,-23.12427568
World,OWID_WRL,1/15/1988,-27.97777,-31.4140625,-24.54146997
World,OWID_WRL,10/15/1987,-34.31563,-37.6140625,-31.01720324
World,OWID_WRL,7/15/1987,-31.39855,-33.24739583,-29.54970982
World,OWID_WRL,4/15/1987,-28.90509,-34.28072917,-23.52944719
World,OWID_WRL,1/15/1987,-29.50557,-33.84739583,-25.16374092
World,OWID_WRL,10/15/1986,-33.46858,-36.8140625,-30.1230909
World,OWID_WRL,7/15/1986,-33.0361,-35.18072917,-30.89147752
World,OWID_WRL,4/15/1986,-32.84495,-33.78072917,-31.90917505
World,OWID_WRL,1/15/1986,-34.12176,-33.8140625,-34.42945832
World,OWID_WRL,10/15/1985,-35.20057,-36.58072917,-33.82041015
World,OWID_WRL,7/15/1985,-35.00677,-36.98072917,-33.03281913
World,OWID_WRL,4/15/1985,-35.50844,-35.2140625,-35.80281479
World,OWID_WRL,1/15/1985,-33.6156,-31.68072917,-35.55047791
World,OWID_WRL,10/15/1984,-27.78992,-24.8140625,-30.76577436
World,OWID_WRL,7/15/1984,-25.04278,-21.7140625,-28.37149093
World,OWID_WRL,4/15/1984,-27.57409,-25.04739583,-30.10078006
World,OWID_WRL,1/15/1984,-31.57944,-30.48072917,-32.67814249
World,OWID_WRL,10/15/1983,-32.07189,-30.64739583,-33.49638991
World,OWID_WRL,7/15/1983,-27.12332,-22.28072917,-31.96590356
World,OWID_WRL,4/15/1983,-23.20008,-18.6140625,-27.78608947
World,OWID_WRL,1/15/1983,-24.03743,-23.54739583,-24.52746798
World,OWID_WRL,10/15/1982,-26.99358,-28.6140625,-25.37309087
World,OWID_WRL,7/15/1982,-33.78492,-37.88072917,-29.6891142
World,OWID_WRL,4/15/1982,-34.04954,-35.3140625,-32.7850235
World,OWID_WRL,1/15/1982,-30.79048,-30.2140625,-31.36688839
World,OWID_WRL,10/15/1981,-27.93232,-25.9140625,-29.95058354
World,OWID_WRL,7/15/1981,-28.66032,-25.98072917,-31.33990185
World,OWID_WRL,4/15/1981,-28.62912,-26.8140625,-30.44417076
World,OWID_WRL,1/15/1981,-30.47303,-31.08072917,-29.86532757
World,OWID_WRL,10/15/1980,-38.29846,-40.98072917,-35.61619887
World,OWID_WRL,7/15/1980,-41.42697,-41.88072917,-40.97321911
World,OWID_WRL,4/15/1980,-40.11137,-38.9140625,-41.30867868
World,OWID_WRL,1/15/1980,-39.62568,-37.68072917,-41.57064016
World,OWID_WRL,10/15/1979,-42.4946,-39.38072917,-45.60846658
World,OWID_WRL,7/15/1979,-48.35037,-46.8140625,-49.88668493
World,OWID_WRL,4/15/1979,-51.85539,-49.38072917,-54.33004753
World,OWID_WRL,1/15/1979,-53.21401,-49.6140625,-56.81395408
World,OWID_WRL,10/15/1978,-47.43206,-42.2140625,-52.65004871
World,OWID_WRL,7/15/1978,-45.392,-41.8140625,-48.96993724
World,OWID_WRL,4/15/1978,-41.87924,-37.34739583,-46.41108087
World,OWID_WRL,1/15/1978,-41.26372,-38.24739583,-44.28004194
World,OWID_WRL,10/15/1977,-45.60521,-45.54739583,-45.66303415
World,OWID_WRL,7/15/1977,-48.46944,-48.5140625,-48.42480912
World,OWID_WRL,4/15/1977,-49.70088,-49.6140625,-49.78768852
World,OWID_WRL,1/15/1977,-44.83496,-44.24739583,-45.42252381
World,OWID_WRL,10/15/1976,-41.39076,-44.4140625,-38.36745777
World,OWID_WRL,7/15/1976,-40.14991,-44.74739583,-35.55243268
World,OWID_WRL,4/15/1976,-43.38576,-46.28072917,-40.49079445
World,OWID_WRL,1/15/1976,-47.44591,-46.68072917,-48.21109592
World,OWID_WRL,10/15/1975,-46.36849,-43.74739583,-48.98959182
World,OWID_WRL,7/15/1975,-44.54439,-45.84739583,-43.24139335
World,OWID_WRL,4/15/1975,-40.25499,-42.9140625,-37.59591851
World,OWID_WRL,1/15/1975,-41.24135,-43.94739583,-38.53531353
World,OWID_WRL,10/15/1974,-44.02791,-46.04739583,-42.00842261
World,OWID_WRL,7/15/1974,-42.41754,-43.18072917,-41.65436059
World,OWID_WRL,4/15/1974,-41.29231,-40.48072917,-42.1038966
World,OWID_WRL,1/15/1974,-44.53938,-40.18072917,-48.89802193
World,OWID_WRL,10/15/1973,-55.99076,-53.18072917,-58.80079956
World,OWID_WRL,7/15/1973,-59.69814,-56.74739583,-62.64887658
World,OWID_WRL,4/15/1973,-57.22708,-56.28072917,-58.17343297
World,OWID_WRL,1/15/1973,-53.00694,-54.68072917,-51.33315709
World,OWID_WRL,10/15/1972,-48.07716,-49.74739583,-46.4069286
World,OWID_WRL,7/15/1972,-43.744,-43.7140625,-43.77394514
World,OWID_WRL,4/15/1972,-48.01152,-47.08072917,-48.94230976
World,OWID_WRL,1/15/1972,-57.45813,-56.5140625,-58.40219895
World,OWID_WRL,10/15/1971,-60.11195,-57.08072917,-63.14317181
World,OWID_WRL,7/15/1971,-61.51765,-60.48072917,-62.5545612
World,OWID_WRL,4/15/1971,-57.29109,-55.34739583,-59.23478119
World,OWID_WRL,1/15/1971,-59.36343,-57.48072917,-61.24613993
World,OWID_WRL,10/15/1970,-64.95967,-62.8140625,-67.10527973
World,OWID_WRL,7/15/1970,-67.80814,-64.74739583,-70.86888759
World,OWID_WRL,4/15/1970,-66.58982,-63.1140625,-70.06557339
World,OWID_WRL,1/15/1970,-61.23975,-61.5140625,-60.96544387
World,OWID_WRL,10/15/1969,-60.3474,-60.34739583,
World,OWID_WRL,7/15/1969,-62.61406,-62.6140625,
World,OWID_WRL,4/15/1969,-60.31406,-60.3140625,
World,OWID_WRL,1/15/1969,-59.71406,-59.7140625,
World,OWID_WRL,10/15/1968,-60.01406,-60.0140625,
World,OWID_WRL,7/15/1968,-72.81406,-72.8140625,
World,OWID_WRL,4/15/1968,-75.48073,-75.48072917,
World,OWID_WRL,1/15/1968,-63.48073,-63.48072917,
World,OWID_WRL,10/15/1967,-63.9474,-63.94739583,
World,OWID_WRL,7/15/1967,-66.4474,-66.44739583,
World,OWID_WRL,4/15/1967,-73.8474,-73.84739583,
World,OWID_WRL,1/15/1967,-72.91406,-72.9140625,
World,OWID_WRL,10/15/1966,-71.68073,-71.68072917,
World,OWID_WRL,7/15/1966,-70.48073,-70.48072917,
World,OWID_WRL,4/15/1966,-70.08073,-70.08072917,
World,OWID_WRL,1/15/1966,-64.28073,-64.28072917,
World,OWID_WRL,10/15/1965,-60.7474,-60.74739583,
World,OWID_WRL,7/15/1965,-66.31406,-66.3140625,
World,OWID_WRL,4/15/1965,-67.0474,-67.04739583,
World,OWID_WRL,1/15/1965,-66.18073,-66.18072917,
World,OWID_WRL,10/15/1964,-73.11406,-73.1140625,
World,OWID_WRL,7/15/1964,-70.98073,-70.98072917,
World,OWID_WRL,4/15/1964,-81.9474,-81.94739583,
World,OWID_WRL,1/15/1964,-77.9474,-77.94739583,
World,OWID_WRL,10/15/1963,-69.01406,-69.0140625,
World,OWID_WRL,7/15/1963,-69.91406,-69.9140625,
World,OWID_WRL,4/15/1963,-65.51406,-65.5140625,
World,OWID_WRL,1/15/1963,-63.88073,-63.88072917,
World,OWID_WRL,10/15/1962,-63.41406,-63.4140625,
World,OWID_WRL,7/15/1962,-68.0474,-68.04739583,
World,OWID_WRL,4/15/1962,-67.61406,-67.6140625,
World,OWID_WRL,1/15/1962,-66.68073,-66.68072917,
World,OWID_WRL,10/15/1961,-65.6474,-65.64739583,
World,OWID_WRL,7/15/1961,-60.7474,-60.74739583,
World,OWID_WRL,4/15/1961,-56.2474,-56.24739583,
World,OWID_WRL,1/15/1961,-60.2474,-60.24739583,
World,OWID_WRL,10/15/1960,-67.58073,-67.58072917,
World,OWID_WRL,7/15/1960,-66.88073,-66.88072917,
World,OWID_WRL,4/15/1960,-66.48073,-66.48072917,
World,OWID_WRL,1/15/1960,-70.38073,-70.38072917,
World,OWID_WRL,10/15/1959,-69.91406,-69.9140625,
World,OWID_WRL,7/15/1959,-70.21406,-70.2140625,
World,OWID_WRL,4/15/1959,-73.11406,-73.1140625,
World,OWID_WRL,1/15/1959,-68.71406,-68.7140625,
World,OWID_WRL,10/15/1958,-68.81406,-68.8140625,
World,OWID_WRL,7/15/1958,-72.91406,-72.9140625,
World,OWID_WRL,4/15/1958,-73.31406,-73.3140625,
World,OWID_WRL,1/15/1958,-72.2474,-72.24739583,
World,OWID_WRL,10/15/1957,-72.8474,-72.84739583,
World,OWID_WRL,7/15/1957,-69.5474,-69.54739583,
World,OWID_WRL,4/15/1957,-70.11406,-70.1140625,
World,OWID_WRL,1/15/1957,-83.01406,-83.0140625,
World,OWID_WRL,10/15/1956,-90.01406,-90.0140625,
World,OWID_WRL,7/15/1956,-86.58073,-86.58072917,
World,OWID_WRL,4/15/1956,-82.38073,-82.38072917,
World,OWID_WRL,1/15/1956,-82.38073,-82.38072917,
World,OWID_WRL,10/15/1955,-81.7474,-81.74739583,
World,OWID_WRL,7/15/1955,-87.4474,-87.44739583,
World,OWID_WRL,4/15/1955,-79.61406,-79.6140625,
World,OWID_WRL,1/15/1955,-72.38073,-72.38072917,
World,OWID_WRL,10/15/1954,-80.81406,-80.8140625,
World,OWID_WRL,7/15/1954,-86.71406,-86.7140625,
World,OWID_WRL,4/15/1954,-81.2474,-81.24739583,
World,OWID_WRL,1/15/1954,-82.18073,-82.18072917,
World,OWID_WRL,10/15/1953,-82.21406,-82.2140625,
World,OWID_WRL,7/15/1953,-75.3474,-75.34739583,
World,OWID_WRL,4/15/1953,-78.28073,-78.28072917,
World,OWID_WRL,1/15/1953,-76.8474,-76.84739583,
World,OWID_WRL,10/15/1952,-79.61406,-79.6140625,
World,OWID_WRL,7/15/1952,-84.48073,-84.48072917,
World,OWID_WRL,4/15/1952,-86.98073,-86.98072917,
World,OWID_WRL,1/15/1952,-85.08073,-85.08072917,
World,OWID_WRL,10/15/1951,-83.9474,-83.94739583,
World,OWID_WRL,7/15/1951,-82.31406,-82.3140625,
World,OWID_WRL,4/15/1951,-74.01406,-74.0140625,
World,OWID_WRL,1/15/1951,-82.01406,-82.0140625,
World,OWID_WRL,10/15/1950,-87.61406,-87.6140625,
World,OWID_WRL,7/15/1950,-91.4474,-91.44739583,
World,OWID_WRL,4/15/1950,-92.2474,-92.24739583,
World,OWID_WRL,1/15/1950,-92.28073,-92.28072917,
World,OWID_WRL,10/15/1949,-93.68073,-93.68072917,
World,OWID_WRL,7/15/1949,-95.41406,-95.4140625,
World,OWID_WRL,4/15/1949,-92.5474,-92.54739583,
World,OWID_WRL,1/15/1949,-87.31406,-87.3140625,
World,OWID_WRL,10/15/1948,-90.8474,-90.84739583,
World,OWID_WRL,7/15/1948,-91.81406,-91.8140625,
World,OWID_WRL,4/15/1948,-92.98073,-92.98072917,
World,OWID_WRL,1/15/1948,-87.3474,-87.34739583,
World,OWID_WRL,10/15/1947,-86.8474,-86.84739583,
World,OWID_WRL,7/15/1947,-97.4474,-97.44739583,
World,OWID_WRL,4/15/1947,-101.7474,-101.7473958,
World,OWID_WRL,1/15/1947,-104.28073,-104.2807292,
World,OWID_WRL,10/15/1946,-101.01406,-101.0140625,
World,OWID_WRL,7/15/1946,-92.68073,-92.68072917,
World,OWID_WRL,4/15/1946,-98.68073,-98.68072917,
World,OWID_WRL,1/15/1946,-103.5474,-103.5473958,
World,OWID_WRL,10/15/1945,-108.4474,-108.4473958,
World,OWID_WRL,7/15/1945,-104.4474,-104.4473958,
World,OWID_WRL,4/15/1945,-107.01406,-107.0140625,
World,OWID_WRL,1/15/1945,-107.6474,-107.6473958,
World,OWID_WRL,10/15/1944,-112.88073,-112.8807292,
World,OWID_WRL,7/15/1944,-116.9474,-116.9473958,
World,OWID_WRL,4/15/1944,-102.81406,-102.8140625,
World,OWID_WRL,1/15/1944,-105.2474,-105.2473958,
World,OWID_WRL,10/15/1943,-107.98073,-107.9807292,
World,OWID_WRL,7/15/1943,-104.01406,-104.0140625,
World,OWID_WRL,4/15/1943,-98.51406,-98.5140625,
World,OWID_WRL,1/15/1943,-97.88073,-97.88072917,
World,OWID_WRL,10/15/1942,-97.0474,-97.04739583,
World,OWID_WRL,7/15/1942,-101.4474,-101.4473958,
World,OWID_WRL,4/15/1942,-108.3474,-108.3473958,
World,OWID_WRL,1/15/1942,-107.2474,-107.2473958,
World,OWID_WRL,10/15/1941,-101.48073,-101.4807292,
World,OWID_WRL,7/15/1941,-100.7474,-100.7473958,
World,OWID_WRL,4/15/1941,-103.41406,-103.4140625,
World,OWID_WRL,1/15/1941,-106.01406,-106.0140625,
World,OWID_WRL,10/15/1940,-111.18073,-111.1807292,
World,OWID_WRL,7/15/1940,-121.68073,-121.6807292,
World,OWID_WRL,4/15/1940,-117.48073,-117.4807292,
World,OWID_WRL,1/15/1940,-111.91406,-111.9140625,
World,OWID_WRL,10/15/1939,-112.01406,-112.0140625,
World,OWID_WRL,7/15/1939,-101.48073,-101.4807292,
World,OWID_WRL,4/15/1939,-111.5474,-111.5473958,
World,OWID_WRL,1/15/1939,-114.58073,-114.5807292,
World,OWID_WRL,10/15/1938,-115.1474,-115.1473958,
World,OWID_WRL,7/15/1938,-121.5474,-121.5473958,
World,OWID_WRL,4/15/1938,-112.11406,-112.1140625,
World,OWID_WRL,1/15/1938,-110.91406,-110.9140625,
World,OWID_WRL,10/15/1937,-115.8474,-115.8473958,
World,OWID_WRL,7/15/1937,-119.88073,-119.8807292,
World,OWID_WRL,4/15/1937,-117.5474,-117.5473958,
World,OWID_WRL,1/15/1937,-119.71406,-119.7140625,
World,OWID_WRL,10/15/1936,-124.08073,-124.0807292,
World,OWID_WRL,7/15/1936,-124.81406,-124.8140625,
World,OWID_WRL,4/15/1936,-124.9474,-124.9473958,
World,OWID_WRL,1/15/1936,-120.51406,-120.5140625,
World,OWID_WRL,10/15/1935,-123.7474,-123.7473958,
World,OWID_WRL,7/15/1935,-118.1474,-118.1473958,
World,OWID_WRL,4/15/1935,-116.11406,-116.1140625,
World,OWID_WRL,1/15/1935,-119.3474,-119.3473958,
World,OWID_WRL,10/15/1934,-128.5474,-128.5473958,
World,OWID_WRL,7/15/1934,-127.3474,-127.3473958,
World,OWID_WRL,4/15/1934,-120.6474,-120.6473958,
World,OWID_WRL,1/15/1934,-123.8474,-123.8473958,
World,OWID_WRL,10/15/1933,-122.88073,-122.8807292,
World,OWID_WRL,7/15/1933,-119.98073,-119.9807292,
World,OWID_WRL,4/15/1933,-116.31406,-116.3140625,
World,OWID_WRL,1/15/1933,-117.5474,-117.5473958,
World,OWID_WRL,10/15/1932,-122.6474,-122.6473958,
World,OWID_WRL,7/15/1932,-125.1474,-125.1473958,
World,OWID_WRL,4/15/1932,-124.41406,-124.4140625,
World,OWID_WRL,1/15/1932,-126.71406,-126.7140625,
World,OWID_WRL,10/15/1931,-131.21406,-131.2140625,
World,OWID_WRL,7/15/1931,-126.7474,-126.7473958,
World,OWID_WRL,4/15/1931,-130.08073,-130.0807292,
World,OWID_WRL,1/15/1931,-130.8474,-130.8473958,
World,OWID_WRL,10/15/1930,-124.78073,-124.7807292,
World,OWID_WRL,7/15/1930,-122.91406,-122.9140625,
World,OWID_WRL,4/15/1930,-136.01406,-136.0140625,
World,OWID_WRL,1/15/1930,-134.6474,-134.6473958,
World,OWID_WRL,10/15/1929,-131.4474,-131.4473958,
World,OWID_WRL,7/15/1929,-129.08073,-129.0807292,
World,OWID_WRL,4/15/1929,-133.11406,-133.1140625,
World,OWID_WRL,1/15/1929,-141.3474,-141.3473958,
World,OWID_WRL,10/15/1928,-133.88073,-133.8807292,
World,OWID_WRL,7/15/1928,-128.88073,-128.8807292,
World,OWID_WRL,4/15/1928,-134.58073,-134.5807292,
World,OWID_WRL,1/15/1928,-138.51406,-138.5140625,
World,OWID_WRL,10/15/1927,-131.98073,-131.9807292,
World,OWID_WRL,7/15/1927,-127.7474,-127.7473958,
World,OWID_WRL,4/15/1927,-128.71406,-128.7140625,
World,OWID_WRL,1/15/1927,-133.5474,-133.5473958,
World,OWID_WRL,10/15/1926,-122.68073,-122.6807292,
World,OWID_WRL,7/15/1926,-126.28073,-126.2807292,
World,OWID_WRL,4/15/1926,-135.58073,-135.5807292,
World,OWID_WRL,1/15/1926,-133.21406,-133.2140625,
World,OWID_WRL,10/15/1925,-135.8474,-135.8473958,
World,OWID_WRL,7/15/1925,-138.4474,-138.4473958,
World,OWID_WRL,4/15/1925,-137.11406,-137.1140625,
World,OWID_WRL,1/15/1925,-135.61406,-135.6140625,
World,OWID_WRL,10/15/1924,-139.01406,-139.0140625,
World,OWID_WRL,7/15/1924,-138.98073,-138.9807292,
World,OWID_WRL,4/15/1924,-136.38073,-136.3807292,
World,OWID_WRL,1/15/1924,-138.71406,-138.7140625,
World,OWID_WRL,10/15/1923,-134.28073,-134.2807292,
World,OWID_WRL,7/15/1923,-129.5474,-129.5473958,
World,OWID_WRL,4/15/1923,-126.51406,-126.5140625,
World,OWID_WRL,1/15/1923,-128.58073,-128.5807292,
World,OWID_WRL,10/15/1922,-134.7474,-134.7473958,
World,OWID_WRL,7/15/1922,-133.6474,-133.6473958,
World,OWID_WRL,4/15/1922,-129.88073,-129.8807292,
World,OWID_WRL,1/15/1922,-131.9474,-131.9473958,
World,OWID_WRL,10/15/1921,-136.5474,-136.5473958,
World,OWID_WRL,7/15/1921,-129.5474,-129.5473958,
World,OWID_WRL,4/15/1921,-126.81406,-126.8140625,
World,OWID_WRL,1/15/1921,-131.91406,-131.9140625,
World,OWID_WRL,10/15/1920,-133.78073,-133.7807292,
World,OWID_WRL,7/15/1920,-127.18073,-127.1807292,
World,OWID_WRL,4/15/1920,-134.81406,-134.8140625,
World,OWID_WRL,1/15/1920,-138.31406,-138.3140625,
World,OWID_WRL,10/15/1919,-130.78073,-130.7807292,
World,OWID_WRL,7/15/1919,-128.48073,-128.4807292,
World,OWID_WRL,4/15/1919,-138.38073,-138.3807292,
World,OWID_WRL,1/15/1919,-141.0474,-141.0473958,
World,OWID_WRL,10/15/1918,-134.1474,-134.1473958,
World,OWID_WRL,7/15/1918,-135.71406,-135.7140625,
World,OWID_WRL,4/15/1918,-138.5474,-138.5473958,
World,OWID_WRL,1/15/1918,-134.41406,-134.4140625,
World,OWID_WRL,10/15/1917,-135.68073,-135.6807292,
World,OWID_WRL,7/15/1917,-134.48073,-134.4807292,
World,OWID_WRL,4/15/1917,-137.38073,-137.3807292,
World,OWID_WRL,1/15/1917,-127.78073,-127.7807292,
World,OWID_WRL,10/15/1916,-132.61406,-132.6140625,
World,OWID_WRL,7/15/1916,-134.78073,-134.7807292,
World,OWID_WRL,4/15/1916,-125.58073,-125.5807292,
World,OWID_WRL,1/15/1916,-129.58073,-129.5807292,
World,OWID_WRL,10/15/1915,-136.3474,-136.3473958,
World,OWID_WRL,7/15/1915,-135.9474,-135.9473958,
World,OWID_WRL,4/15/1915,-124.21406,-124.2140625,
World,OWID_WRL,1/15/1915,-108.7474,-108.7473958,
World,OWID_WRL,10/15/1914,-132.18073,-132.1807292,
World,OWID_WRL,7/15/1914,-143.61406,-143.6140625,
World,OWID_WRL,4/15/1914,-139.6474,-139.6473958,
World,OWID_WRL,1/15/1914,-137.5474,-137.5473958,
World,OWID_WRL,10/15/1913,-136.11406,-136.1140625,
World,OWID_WRL,7/15/1913,-140.31406,-140.3140625,
World,OWID_WRL,4/15/1913,-150.21406,-150.2140625,
World,OWID_WRL,1/15/1913,-142.0474,-142.0473958,
World,OWID_WRL,10/15/1912,-141.08073,-141.0807292,
World,OWID_WRL,7/15/1912,-142.6474,-142.6473958,
World,OWID_WRL,4/15/1912,-149.68073,-149.6807292,
World,OWID_WRL,1/15/1912,-142.9474,-142.9473958,
World,OWID_WRL,10/15/1911,-133.58073,-133.5807292,
World,OWID_WRL,7/15/1911,-141.38073,-141.3807292,
World,OWID_WRL,4/15/1911,-144.08073,-144.0807292,
World,OWID_WRL,1/15/1911,-149.1474,-149.1473958,
World,OWID_WRL,10/15/1910,-148.71406,-148.7140625,
World,OWID_WRL,7/15/1910,-146.31406,-146.3140625,
World,OWID_WRL,4/15/1910,-150.9474,-150.9473958,
World,OWID_WRL,1/15/1910,-150.8474,-150.8473958,
World,OWID_WRL,10/15/1909,-148.6474,-148.6473958,
World,OWID_WRL,7/15/1909,-152.78073,-152.7807292,
World,OWID_WRL,4/15/1909,-146.31406,-146.3140625,
World,OWID_WRL,1/15/1909,-152.31406,-152.3140625,
World,OWID_WRL,10/15/1908,-156.48073,-156.4807292,
World,OWID_WRL,7/15/1908,-149.61406,-149.6140625,
World,OWID_WRL,4/15/1908,-153.9474,-153.9473958,
World,OWID_WRL,1/15/1908,-154.48073,-154.4807292,
World,OWID_WRL,10/15/1907,-157.0474,-157.0473958,
World,OWID_WRL,7/15/1907,-147.38073,-147.3807292,
World,OWID_WRL,4/15/1907,-147.28073,-147.2807292,
World,OWID_WRL,1/15/1907,-151.1474,-151.1473958,
World,OWID_WRL,10/15/1906,-148.98073,-148.9807292,
World,OWID_WRL,7/15/1906,-146.8474,-146.8473958,
World,OWID_WRL,4/15/1906,-150.41406,-150.4140625,
World,OWID_WRL,1/15/1906,-154.9474,-154.9473958,
World,OWID_WRL,10/15/1905,-150.81406,-150.8140625,
World,OWID_WRL,7/15/1905,-154.41406,-154.4140625,
World,OWID_WRL,4/15/1905,-160.81406,-160.8140625,
World,OWID_WRL,1/15/1905,-160.5474,-160.5473958,
World,OWID_WRL,10/15/1904,-155.08073,-155.0807292,
World,OWID_WRL,7/15/1904,-152.2474,-152.2473958,
World,OWID_WRL,4/15/1904,-147.7474,-147.7473958,
World,OWID_WRL,1/15/1904,-144.78073,-144.7807292,
World,OWID_WRL,10/15/1903,-145.71406,-145.7140625,
World,OWID_WRL,7/15/1903,-138.3474,-138.3473958,
World,OWID_WRL,4/15/1903,-134.61406,-134.6140625,
World,OWID_WRL,1/15/1903,-144.81406,-144.8140625,
World,OWID_WRL,10/15/1902,-145.41406,-145.4140625,
World,OWID_WRL,7/15/1902,-153.71406,-153.7140625,
World,OWID_WRL,4/15/1902,-150.78073,-150.7807292,
World,OWID_WRL,1/15/1902,-145.58073,-145.5807292,
World,OWID_WRL,10/15/1901,-147.48073,-147.4807292,
World,OWID_WRL,7/15/1901,-156.5474,-156.5473958,
World,OWID_WRL,4/15/1901,-156.58073,-156.5807292,
World,OWID_WRL,1/15/1901,-155.4474,-155.4473958,
World,OWID_WRL,10/15/1900,-155.38073,-155.3807292,
World,OWID_WRL,7/15/1900,-152.0474,-152.0473958,
World,OWID_WRL,4/15/1900,-151.78073,-151.7807292,
World,OWID_WRL,1/15/1900,-150.31406,-150.3140625,
